Timestamp,Seconds_Offset,Text_Label,Text_Valence,Audio_Label,Audio_Valence,Transcript,Timestamp_ms,Time_Str,Lat,Lon,Void,Bio,Tech,Entropy,GSR,MOD
2026-01-16 14:23:16,0.0,neutral,0.0,hap,0.943,"Yeah, so I think... Yeah. You're something? You're here something? Okay.",350962.0,14:23:16,45.432299,12.357898,0.01,0.34,0.63,0.02,519.0,1.1
2026-01-16 14:23:24,8.0,positive,0.81,hap,0.898,"Here's something? You hear something? Okay. Oh wait, is this a good start record? Oh yeah. Let's go.",358561.0,14:23:23,45.432287,12.35789,0.0,0.05,0.95,0.0,502.0,1.09
2026-01-16 14:23:32,16.0,neutral,0.0,sad,-0.895,So it's a half passery and the third run is start.,366366.0,14:23:31,45.432283,12.357892,0.96,0.0,0.0,0.04,493.0,1.09
2026-01-16 14:23:40,24.0,neutral,0.0,sad,-0.97,So it's half past three and the third round is start. So as beginning just tell me something about why you're doing it.,374386.0,14:23:39,45.432287,12.357871,0.44,0.0,0.0,0.56,487.0,1.09
2026-01-16 14:23:48,32.0,neutral,0.0,sad,-0.922,"Third, wrong answer start. So as beginning, just tell me something about why you choose this route. Okay. Yeah. Like is this your daily routine or is just some place you familiar with?",382628.0,14:23:47,45.432265,12.357888,0.37,0.0,0.0,0.63,485.0,1.09
2026-01-16 14:23:56,40.0,neutral,0.0,sad,-0.985,"So like at the beginning just tell me something about like why you choose this road Okay, yeah Like is this your daily routine or it's just some place you familiar with? Like why you pick this particular road? Yeah, yeah I pick this one",391091.0,14:23:56,45.432269,12.357876,0.98,0.0,0.0,0.02,484.0,1.09
2026-01-16 14:24:04,48.0,neutral,0.0,sad,-0.988,"Is this your daily routine or it's just some place you familiar with? Like why you pick this particular route? Yeah. Yeah I pick this one I don't know it's just the easiest way to get to the point where I want to go. Uh-huh Okay, so you",399775.0,14:24:04,45.432282,12.357848,0.96,0.0,0.0,0.04,485.0,1.09
2026-01-16 14:24:12,56.0,positive,0.825,sad,-0.868,"I pick this one, I don't know, it's just the easiest way to get to the point where I want to go. Aha. Okay. So you'll see. Okay. So just let your enjoy the millick. Yeah. I mean, just we'll come back.",408456.0,14:24:13,45.432318,12.357783,0.13,0.0,0.28,0.58,488.0,1.09
2026-01-16 14:24:20,64.0,positive,0.699,sad,-0.617,want to go. Uh-huh. Okay. So you'll see. Okay. So just let your enjoy the movie. Yeah. Yeah. And just we'll come to do some tests. Okay. Yeah.,417136.0,14:24:22,45.432394,12.357727,0.33,0.03,0.57,0.08,491.0,1.09
2026-01-16 14:24:28,72.0,positive,0.954,hap,0.969,You're just glad you enjoyed it really. Yeah. I need you. Just welcome to do some tests. Okay. Yeah.,425819.0,14:24:30,45.432374,12.357634,0.48,0.0,0.0,0.52,495.0,1.09
2026-01-16 14:24:36,80.0,positive,0.834,hap,0.916,Thank you.,434504.0,14:24:39,45.432342,12.357554,0.51,0.01,0.0,0.49,493.0,1.09
2026-01-16 14:24:44,88.0,positive,0.834,sad,-0.883,Thank you.,443188.0,14:24:48,45.432357,12.357456,0.7,0.0,0.0,0.3,495.0,1.09
2026-01-16 14:24:52,96.0,positive,0.834,sad,-0.896,Thank you.,443188.0,14:24:48,45.432357,12.357456,0.7,0.0,0.0,0.3,495.0,1.09
2026-01-16 14:25:00,104.0,positive,0.834,neu,0.0,Thank you.,451874.0,14:24:56,45.432361,12.357356,0.59,0.0,0.0,0.41,498.0,1.09
2026-01-16 14:25:08,112.0,positive,0.834,neu,0.0,Thank you.,460558.0,14:25:05,45.432216,12.357331,0.12,0.0,0.0,0.88,500.0,1.09
2026-01-16 14:25:16,120.0,positive,0.834,hap,0.562,Thank you.,469243.0,14:25:14,45.43209,12.357303,0.48,0.0,0.0,0.52,499.0,1.09
2026-01-16 14:25:24,128.0,positive,0.834,sad,-0.514,Thank you.,477931.0,14:25:22,45.432064,12.35727,0.23,0.07,0.66,0.05,493.0,1.09
2026-01-16 14:25:32,136.0,positive,0.834,hap,0.662,Thank you.,486625.0,14:25:31,45.432173,12.357279,0.86,0.02,0.0,0.12,491.0,1.09
2026-01-16 14:25:40,144.0,positive,0.834,sad,-0.587,Thank you.,495314.0,14:25:40,45.43219,12.357303,0.85,0.01,0.05,0.09,490.0,1.09
2026-01-16 14:25:48,152.0,positive,0.834,neu,0.0,Thank you.,504009.0,14:25:49,45.432203,12.35723,0.51,0.01,0.04,0.45,490.0,1.09
2026-01-16 14:25:56,160.0,positive,0.834,neu,0.0,Thank you.,512706.0,14:25:57,45.432186,12.357102,0.86,0.01,0.06,0.07,490.0,1.09
2026-01-16 14:26:04,168.0,positive,0.834,sad,-0.914,Thank you.,521397.0,14:26:06,45.432113,12.357113,0.88,0.0,0.01,0.11,491.0,1.09
2026-01-16 14:26:12,176.0,positive,0.834,sad,-0.814,Thank you.,530095.0,14:26:15,45.43216,12.357041,0.7,0.0,0.0,0.3,494.0,1.09
2026-01-16 14:26:20,184.0,positive,0.834,neu,0.0,Thank you.,538792.0,14:26:23,45.43215,12.356854,0.05,0.01,0.0,0.93,493.0,1.09
2026-01-16 14:26:28,192.0,positive,0.834,neu,0.0,Thank you.,547488.0,14:26:32,45.432167,12.35682,0.4,0.01,0.01,0.58,494.0,1.09
2026-01-16 14:26:36,200.0,negative,-0.813,hap,0.607,That's a little scary.,547488.0,14:26:32,45.432167,12.35682,0.4,0.01,0.01,0.58,494.0,1.09
2026-01-16 14:26:44,208.0,negative,-0.411,hap,0.718,That's a little scary. What? That's a little bit scary. I was not. Yeah. So. Thank you. Thank you. Thank you.,556181.0,14:26:41,45.43211,12.356887,0.26,0.48,0.2,0.05,495.0,1.09
2026-01-16 14:26:52,216.0,negative,-0.692,sad,-0.716,"That's a little scary. What? That's a little bit scary. I was not. Yeah. So, since we nearly passed this area, since we nearly passed this area, so, what",564877.0,14:26:49,45.43207,12.356873,0.73,0.03,0.1,0.14,493.0,1.09
2026-01-16 14:27:00,224.0,neutral,0.0,sad,-0.796,"So since we nearly passed this area, what kind of sound is this area? I heard the difference between the more brick and the steel.",573582.0,14:26:58,45.431976,12.356901,0.87,0.02,0.01,0.11,493.0,1.09
2026-01-16 14:27:08,232.0,neutral,0.0,hap,0.78,"What is this area? This is a nearly past this area, so what kind of sound do you hear? I heard the difference between the more brick and the glitch here when I see pipes.",582283.0,14:27:07,45.431877,12.356954,0.8,0.03,0.07,0.1,490.0,1.09
2026-01-16 14:27:16,240.0,neutral,0.0,sad,-0.913,the more brick and the glitch here when I see like pipes etc.,590983.0,14:27:16,45.431835,12.356956,0.62,0.02,0.0,0.36,490.0,1.09
2026-01-16 14:27:24,248.0,neutral,0.0,sad,-0.503,"when I see like pipes, etc.",599685.0,14:27:24,45.431789,12.356901,0.94,0.01,0.0,0.05,490.0,1.09
2026-01-16 14:27:32,256.0,positive,0.834,hap,0.782,Thank you.,608392.0,14:27:33,45.431747,12.356823,0.48,0.06,0.0,0.47,473.0,1.09
2026-01-16 14:27:40,264.0,neutral,0.0,neu,0.0,The white noise is like for water. Yeah. Yeah.,617093.0,14:27:42,45.431654,12.356826,0.48,0.01,0.03,0.48,470.0,1.09
2026-01-16 14:27:48,272.0,neutral,0.0,sad,-0.745,The white noise is like for water. Yeah. Not the white noise. It's like more like an engine pulse. It's like the sci-fi engine pulse. Yeah.,625798.0,14:27:50,45.431625,12.356839,0.73,0.03,0.09,0.15,470.0,1.09
2026-01-16 14:27:56,280.0,neutral,0.0,sad,-0.688,"Yeah, yeah. Not the white noise, it's like more like an engine pulse. Like the sci-fi engine pulse.",634504.0,14:27:59,45.431607,12.356882,0.92,0.02,0.0,0.06,475.0,1.09
2026-01-16 14:28:04,288.0,neutral,0.0,hap,0.627,"and pause, like the sci-fi engine pause.",643216.0,14:28:08,45.43155,12.356915,0.7,0.2,0.01,0.08,479.0,1.09
2026-01-16 14:28:12,296.0,positive,0.834,neu,0.0,Thank you.,643216.0,14:28:08,45.43155,12.356915,0.7,0.2,0.01,0.08,479.0,1.09
2026-01-16 14:28:20,304.0,positive,0.834,hap,0.592,Thank you.,651923.0,14:28:16,45.431516,12.356967,0.52,0.18,0.02,0.27,481.0,1.09
2026-01-16 14:28:28,312.0,positive,0.834,hap,0.807,Thank you.,660631.0,14:28:25,45.431505,12.356993,0.57,0.01,0.01,0.42,483.0,1.09
2026-01-16 14:28:36,320.0,positive,0.834,hap,0.598,Thank you.,669346.0,14:28:34,45.431441,12.356931,0.05,0.0,0.0,0.94,484.0,1.09
2026-01-16 14:28:44,328.0,positive,0.868,neu,0.0,"Yeah, if you're trying to test the material one, this one is a kind of good example. Just looking at this one, it's going to give you",678061.0,14:28:43,45.431385,12.356854,0.26,0.02,0.06,0.66,487.0,1.09
2026-01-16 14:28:52,336.0,positive,0.837,sad,-0.97,"Yeah, if you're trying to test the material one, this one is a kind of good example. Just looking at this one, it's going to give you some people building this wall.",686780.0,14:28:51,45.431357,12.356739,0.25,0.01,0.04,0.7,488.0,1.09
2026-01-16 14:29:00,344.0,neutral,0.0,sad,-0.99,Kind of go example just looking at this one it's gonna give you some people building this wall. Yeah,695493.0,14:29:00,45.431319,12.356749,0.27,0.01,0.03,0.68,490.0,1.09
2026-01-16 14:29:08,352.0,neutral,0.0,sad,-0.641,I'm going to go to the bathroom.,704207.0,14:29:09,45.431254,12.35672,0.15,0.0,0.13,0.72,490.0,1.09
2026-01-16 14:29:16,360.0,neutral,0.0,sad,-0.984,"So like you said, when I ask you about why you're going to be here, I'm going to",712929.0,14:29:17,45.431154,12.356691,0.46,0.02,0.49,0.03,491.0,1.09
2026-01-16 14:29:24,368.0,neutral,0.0,sad,-0.95,"So like you said, when I asked you about why you picked this route, you said it's the cause of it to get your destination, so which means this is like the place you just no need to excite.",721651.0,14:29:26,45.43104,12.356747,0.35,0.0,0.11,0.53,492.0,1.09
2026-01-16 14:29:32,376.0,neutral,0.0,sad,-0.952,"So you said when I asked you about why you picked this route, you said it's the cause of it to get your destination. So which means this is like those places, there's no need to explanation, you just feel you belong into here. Right? Yeah, these ones in between, yeah. Yeah, no explanations.",730370.0,14:29:35,45.430961,12.356779,0.62,0.0,0.01,0.37,491.0,1.09
2026-01-16 14:29:40,384.0,neutral,0.0,sad,-0.992,"This is like those places, there's no need to explanation, you just feel you'll be out here. Right? Yeah, these ones in between, yeah, no explanations. Basically, one explanation could be, since I live here, it's the route I take.",739090.0,14:29:44,45.430905,12.35679,0.93,0.0,0.0,0.07,492.0,1.09
2026-01-16 14:29:48,392.0,neutral,0.0,sad,-0.986,"This one is in between, yeah. Yeah, no explanations. Basically, one explanation could be since I live here. Uh-huh. It's the route I take every morning to get to the station. Okay, okay.",739090.0,14:29:44,45.430905,12.35679,0.93,0.0,0.0,0.07,492.0,1.09
2026-01-16 14:29:56,400.0,neutral,0.0,sad,-0.788,be since I live here. It's the route I take every morning to get to the station.,747813.0,14:29:52,45.430835,12.356813,0.94,0.04,0.01,0.01,491.0,1.09
2026-01-16 14:30:04,408.0,neutral,0.0,sad,-0.803,I'm going to go to the bathroom.,756526.0,14:30:01,45.430652,12.35678,0.28,0.0,0.07,0.64,492.0,1.09
2026-01-16 14:30:12,416.0,neutral,0.0,sad,-0.934,I'm going to go to the next one.,765248.0,14:30:10,45.430449,12.356696,0.11,0.0,0.38,0.51,490.0,1.09
2026-01-16 14:30:20,424.0,positive,0.96,sad,-0.986,Thanks for watching!,773974.0,14:30:19,45.430323,12.356619,0.37,0.01,0.5,0.12,488.0,1.09
2026-01-16 14:30:28,432.0,positive,0.909,sad,-0.626,Thanks for watching.,782701.0,14:30:27,45.430269,12.35675,0.7,0.18,0.07,0.06,489.0,1.09
2026-01-16 14:30:36,440.0,neutral,0.0,neu,0.0,You can expect who are here like the rainforest and also like the bird.,791430.0,14:30:36,45.430221,12.356808,0.38,0.07,0.48,0.07,489.0,1.09
2026-01-16 14:30:44,448.0,neutral,0.0,neu,0.0,You can expect anyone here like the rainforest and also like the bird.,800156.0,14:30:45,45.430168,12.356759,0.61,0.08,0.0,0.3,488.0,1.09
2026-01-16 14:30:52,456.0,neutral,0.0,sad,-0.621,"Okay, yeah.",808892.0,14:30:53,45.430156,12.356716,0.87,0.06,0.0,0.06,486.0,1.09
2026-01-16 14:31:00,464.0,neutral,0.0,hap,0.598,So this one is one of the places which is the ruins of an old church.,817623.0,14:31:02,45.430164,12.356634,0.94,0.01,0.0,0.05,485.0,1.09
2026-01-16 14:31:08,472.0,neutral,0.0,sad,-0.987,So this one is one of the places which is the ruins of an old church. It was here and this is the only part that remained.,826348.0,14:31:11,45.430162,12.35653,0.54,0.12,0.01,0.33,487.0,1.09
2026-01-16 14:31:16,480.0,neutral,0.0,sad,-0.997,"which is the ruins of an old church. It was here and this is the only part that remained. I don't know, it's a place full of energy. Yeah.",835078.0,14:31:20,45.43015,12.356442,0.42,0.2,0.04,0.34,486.0,1.09
2026-01-16 14:31:24,488.0,neutral,0.0,sad,-0.914,"the only part that remained. I don't know, it's a place full of energy. Yeah.",835078.0,14:31:20,45.43015,12.356442,0.42,0.2,0.04,0.34,486.0,1.09
2026-01-16 14:31:32,496.0,positive,0.924,sad,-0.985,"Yeah, yeah. Yes, it's really interesting like this place used to be like some kind of holy place, but right now it's just occupied the Goring and like the normal room.",843817.0,14:31:28,45.430168,12.356355,0.03,0.0,0.0,0.96,486.0,1.09
2026-01-16 14:31:40,504.0,neutral,0.0,sad,-0.837,"Yeah, it's really interesting, like this place used to be like some kind of holy place, but right now it's just occupied the Gourim and like the normal residential stuff. Yeah, they got it demolished by Napoleon. Yeah. Before here there were houses.",852557.0,14:31:37,45.430208,12.356229,0.0,0.08,0.02,0.9,486.0,1.09
2026-01-16 14:31:48,512.0,neutral,0.0,sad,-0.993,but right now it's occupied the Korean and like the normal residential stuff. Yeah they got it demolished by Napoleon. Yeah. Before here there were houses. Yeah. It was a normal vanis. Let's go left. Can I hear the four?,861291.0,14:31:46,45.430249,12.356161,0.05,0.02,0.34,0.58,487.0,1.09
2026-01-16 14:31:56,520.0,neutral,0.0,sad,-0.916,"by Napoleon, before here there were houses, it was in normal Venice. Let's go to the left. Can I hear the forest? Uh-huh.",870028.0,14:31:55,45.430245,12.356143,0.44,0.02,0.01,0.53,479.0,1.09
2026-01-16 14:32:04,528.0,neutral,0.0,sad,-0.999,Can I hear the forest?,878765.0,14:32:03,45.430234,12.356125,0.05,0.0,0.0,0.95,476.0,1.09
2026-01-16 14:32:12,536.0,neutral,0.0,sad,-0.998,I'm going to go to the next one.,887504.0,14:32:12,45.430215,12.35604,0.85,0.0,0.0,0.14,478.0,1.09
2026-01-16 14:32:20,544.0,neutral,0.0,sad,-0.938,I'm going to go to the next one.,896242.0,14:32:21,45.430162,12.355968,0.12,0.47,0.06,0.35,482.0,1.09
2026-01-16 14:32:28,552.0,positive,0.834,sad,-0.618,Thank you.,904987.0,14:32:30,45.430106,12.355887,0.53,0.31,0.0,0.16,482.0,1.09
2026-01-16 14:32:36,560.0,positive,0.834,sad,-0.591,Thank you.,913724.0,14:32:38,45.430088,12.355801,0.72,0.24,0.03,0.01,485.0,1.09
2026-01-16 14:32:44,568.0,positive,0.834,hap,0.535,Thank you.,922459.0,14:32:47,45.429976,12.355771,0.01,0.89,0.0,0.1,487.0,1.09
2026-01-16 14:32:52,576.0,positive,0.834,hap,0.62,Thank you.,931203.0,14:32:56,45.429887,12.355798,0.01,0.01,0.0,0.98,489.0,1.09
2026-01-16 14:33:00,584.0,positive,0.834,hap,0.607,Thank you.,931203.0,14:32:56,45.429887,12.355798,0.01,0.01,0.0,0.98,489.0,1.09
2026-01-16 14:33:08,592.0,neutral,0.0,hap,0.548,I'm going to go to the next one.,939951.0,14:33:04,45.429855,12.35585,0.56,0.39,0.01,0.05,490.0,1.09
2026-01-16 14:33:16,600.0,positive,0.834,hap,0.859,Thank you.,948704.0,14:33:13,45.429821,12.355925,0.6,0.07,0.0,0.32,491.0,1.09
2026-01-16 14:33:24,608.0,neutral,0.0,hap,0.755,I'm going to go to the other side.,957457.0,14:33:22,45.429788,12.356024,0.03,0.0,0.0,0.97,492.0,1.09
2026-01-16 14:33:32,616.0,neutral,0.0,hap,0.754,I'm going to go to the other side.,966208.0,14:33:31,45.429763,12.356124,0.13,0.1,0.0,0.77,492.0,1.09
2026-01-16 14:33:40,624.0,positive,0.834,hap,0.777,Thank you.,974956.0,14:33:39,45.429739,12.356248,0.07,0.52,0.0,0.4,492.0,1.09
2026-01-16 14:33:48,632.0,positive,0.834,hap,0.907,Thank you.,983704.0,14:33:48,45.429693,12.356359,0.0,0.61,0.0,0.38,491.0,1.09
2026-01-16 14:33:56,640.0,neutral,0.0,hap,0.811,I'm going to go up there.,992461.0,14:33:57,45.429614,12.356429,0.22,0.49,0.0,0.29,491.0,1.09
2026-01-16 14:34:04,648.0,positive,0.834,hap,0.862,Thank you.,1001217.0,14:34:06,45.429518,12.356474,0.85,0.01,0.0,0.14,492.0,1.09
2026-01-16 14:34:12,656.0,positive,0.834,sad,-0.813,Thank you.,1009976.0,14:34:15,45.429431,12.356507,0.65,0.16,0.0,0.19,492.0,1.09
2026-01-16 14:34:20,664.0,neutral,0.0,sad,-0.932,I'm going to go to the next one.,1018734.0,14:34:23,45.429364,12.356545,0.0,0.99,0.0,0.01,492.0,1.09
2026-01-16 14:34:28,672.0,positive,0.834,sad,-0.946,Thank you.,1027497.0,14:34:32,45.429321,12.356629,0.63,0.03,0.0,0.35,491.0,1.09
2026-01-16 14:34:36,680.0,positive,0.834,sad,-0.949,Thank you.,1027497.0,14:34:32,45.429321,12.356629,0.63,0.03,0.0,0.35,491.0,1.09
2026-01-16 14:34:44,688.0,positive,0.834,sad,-0.851,Thank you.,1036256.0,14:34:41,45.429284,12.356711,0.94,0.03,0.0,0.02,492.0,1.09
2026-01-16 14:34:52,696.0,neutral,0.0,sad,-0.956,I'm going to go to the next one.,1045014.0,14:34:50,45.429233,12.356749,0.72,0.12,0.0,0.16,492.0,1.09
2026-01-16 14:35:00,704.0,neutral,0.0,sad,-0.988,I'm going to go to the next one.,1053771.0,14:34:58,45.429164,12.356734,0.48,0.51,0.0,0.01,491.0,1.09
2026-01-16 14:35:08,712.0,neutral,0.0,sad,-0.993,I'm going to go to the next one.,1062528.0,14:35:07,45.42904,12.356699,0.56,0.37,0.0,0.07,490.0,1.09
2026-01-16 14:35:16,720.0,neutral,0.0,sad,-0.987,So this is among the places I have,1071347.0,14:35:16,45.428967,12.356756,0.37,0.44,0.0,0.18,489.0,1.09
2026-01-16 14:35:24,728.0,positive,0.613,sad,-0.978,"So this is among the places I have near my house, near by my house. This one is the one I prefer. And I feel like...",1080102.0,14:35:25,45.428949,12.356763,0.06,0.26,0.01,0.68,489.0,1.09
2026-01-16 14:35:32,736.0,positive,0.887,sad,-0.884,"So this is among the places I have near my house, near by my house. This one is the one I prefer. And I feel I really belong to this monument. It's a monument remembering the people died in the",1088862.0,14:35:33,45.428932,12.356769,0.9,0.03,0.01,0.06,488.0,1.09
2026-01-16 14:35:40,744.0,positive,0.51,sad,-0.641,I feel I really belong to this monument. It's a monument remembering the people died in prison. It says in Latin it's better to,1097635.0,14:35:42,45.428841,12.356831,0.94,0.0,0.0,0.05,484.0,1.09
2026-01-16 14:35:48,752.0,negative,-0.828,sad,-0.873,remembering the people died in prison and it says in Latin it's better to suffer and to die than to serve.,1106404.0,14:35:51,45.428741,12.356937,0.66,0.16,0.0,0.19,484.0,1.09
2026-01-16 14:35:56,760.0,negative,-0.722,sad,-0.987,and it says in Latin it's better to suffer and to die than to serve. So is there any reason for them to put them here in prison? I don't really know.,1115175.0,14:36:00,45.428607,12.357006,0.84,0.01,0.0,0.15,485.0,1.09
2026-01-16 14:36:04,768.0,negative,-0.676,sad,-0.645,So is there any reason for them to put them here in prison? I don't really know.,1115175.0,14:36:00,45.428607,12.357006,0.84,0.01,0.0,0.15,485.0,1.09
2026-01-16 14:36:12,776.0,neutral,0.0,hap,0.683,"I don't really know. It was in the 1930s, yeah, in that period.",1123942.0,14:36:08,45.428548,12.357047,0.02,0.04,0.0,0.94,483.0,1.09
2026-01-16 14:36:20,784.0,neutral,0.0,sad,-0.668,"It was in the 1930s, yeah, in that period.",1132709.0,14:36:17,45.428532,12.357053,0.02,0.01,0.0,0.97,478.0,1.09
2026-01-16 14:36:28,792.0,neutral,0.0,sad,-0.995,"30s, yeah, in that period. Okay, it's the same sounds as break.",1141483.0,14:36:26,45.428521,12.357054,0.39,0.01,0.0,0.6,476.0,1.09
2026-01-16 14:36:36,800.0,neutral,0.0,sad,-0.944,"Okay, is the same sound as break? So like the more you approach to this monument, the more break sounds gonna appear? Yeah. Okay. So, like the more you approach to this monument, the more break sounds gonna appear? Yeah. Okay. Okay. Okay. Okay. Okay. Okay.",1150258.0,14:36:35,45.428511,12.357052,0.64,0.01,0.0,0.35,478.0,1.09
2026-01-16 14:36:44,808.0,neutral,0.0,sad,-0.793,same sounds as break is it? So like the more you approach to this monument the more break sounds gonna appear? Yeah okay.,1159034.0,14:36:44,45.428478,12.35705,0.12,0.0,0.0,0.88,478.0,1.09
2026-01-16 14:36:52,816.0,negative,-0.807,sad,-0.666,"approach to this monument the more rigged sounds gonna appear. Yeah okay. Yeah I think it's a bit difficult. When you kind of know it, I think you should be very careful.",1167797.0,14:36:52,45.428445,12.356983,0.99,0.0,0.0,0.0,479.0,1.09
2026-01-16 14:37:00,824.0,neutral,0.0,neu,0.0,"I think it's a suggestion. When you kind of melted, you would say, why should I leave? I think you should leave. I think you would be very good. Why we can't reconstruct the town's state plate.",1176560.0,14:37:01,45.428428,12.356988,0.74,0.02,0.0,0.24,481.0,1.09
2026-01-16 14:37:08,832.0,positive,0.469,sad,-0.706,I think it should be very good. Why we can't reconstruct the town's lake. I think what it would be very good to know is the fact that you will not be seen.,1185342.0,14:37:10,45.428429,12.357109,0.02,0.0,0.0,0.98,483.0,1.09
2026-01-16 14:37:16,840.0,positive,0.71,sad,-0.962,I think it's a little bit more of a challenge. I think it's a little bit more of a challenge. I think it's a little bit more of a challenge. I think it's a little bit more of a challenge. I think it's a little bit more of a challenge. I think it's a little bit more of a challenge. I think it's a little bit more of a challenge. I think it's a little bit more of a challenge. I think it's a little bit more of a challenge. I think it's a little bit more of a challenge.,1194119.0,14:37:19,45.428419,12.35713,0.05,0.0,0.0,0.95,483.0,1.09
2026-01-16 14:37:24,848.0,neutral,0.0,sad,-0.99,"I will not be singing you will be singing. Yeah. I thought how and if it does shift, you know. I mean obviously you are kind of just to explain a little bit the thinking. Clearly like your way of walking around right now. It's anything but what we do on it. Which is very important.",1202899.0,14:37:27,45.428416,12.357132,0.24,0.01,0.0,0.75,486.0,1.09
2026-01-16 14:37:32,856.0,positive,0.603,sad,-0.989,I mean obviously you are kind of just to explain a little bit the thinking. Clearly like your way of walking around right now is anything but what we do normally. Which is very interesting to observe. Because you are testing what you are hearing and you are starting to learn and communicate.,1211669.0,14:37:36,45.428368,12.357077,0.98,0.01,0.0,0.01,486.0,1.09
2026-01-16 14:37:40,864.0,positive,0.643,sad,-0.997,right now it's anything but what we do on it which is very interesting to observe because you are testing what you're hearing and you are starting to learn and communicate. So if you can share with us as much as you can on your impression of what's happening in the sounds case better as it would be.,1211669.0,14:37:36,45.428368,12.357077,0.98,0.01,0.0,0.01,486.0,1.09
2026-01-16 14:37:48,872.0,neutral,0.0,sad,-0.986,"what you're hearing and you're starting to learn and communicate. So if you can share with us as much as you can on your impression of what's happening in the pounds case better, I think it would be more than reaching to learn for us. Sorry, I'm back with my up to the right.",1220436.0,14:37:45,45.428331,12.357001,0.94,0.01,0.0,0.05,487.0,1.09
2026-01-16 14:37:56,880.0,neutral,0.0,sad,-0.51,"I think it would be more than reaching the top of the cross. Sorry, I'm back with my uptune. Okay, thank you. You know here, like waterside,",1229208.0,14:37:54,45.428266,12.356986,0.99,0.0,0.0,0.01,487.0,1.09
2026-01-16 14:38:04,888.0,positive,0.729,neu,0.0,"Oh yes, I'm back with my uptune. Okay, thank you. You know here, like water song, it's strange it's like I hear in my headphones the same song.",1237978.0,14:38:02,45.428212,12.357042,0.63,0.29,0.05,0.03,488.0,1.09
2026-01-16 14:38:12,896.0,neutral,0.0,sad,-0.999,"You know here like water sound, it's strange it's like I hear in my headphones the same sound that makes the boat just best.",1246752.0,14:38:11,45.428165,12.357079,0.71,0.17,0.04,0.08,490.0,1.09
2026-01-16 14:38:20,904.0,neutral,0.0,sad,-0.991,like I hear in my headphones the same sound that makes the boat just best. Yeah. And maybe I hear even some glitchy sounds maybe for the,1255525.0,14:38:20,45.428123,12.357096,0.04,0.89,0.06,0.01,489.0,1.09
2026-01-16 14:38:28,912.0,neutral,0.0,sad,-0.991,And maybe I hear even some glitchy sounds maybe for the light. Or maybe it's just because of the light.,1264299.0,14:38:29,45.428072,12.357137,0.33,0.56,0.11,0.0,485.0,1.09
2026-01-16 14:38:36,920.0,neutral,0.0,sad,-0.948,Maybe I hear even some glitchy sounds maybe for the light. Or maybe it's just because of the road. It's like some kind of human may surface. And I'm sure the natural.,1273078.0,14:38:38,45.428012,12.3572,0.47,0.41,0.08,0.04,484.0,1.09
2026-01-16 14:38:44,928.0,neutral,0.0,sad,-0.829,Or maybe it's just because of the road. It's like some kind of human may surface. And I'm sure the natural.,1281855.0,14:38:46,45.427972,12.357276,0.51,0.31,0.05,0.14,485.0,1.09
2026-01-16 14:38:52,936.0,neutral,0.0,hap,0.971,service and I'm sure the natural,1291065.0,14:38:56,45.427908,12.357306,0.0,0.31,0.55,0.14,485.0,1.09
2026-01-16 14:39:00,944.0,neutral,0.0,sad,-0.943,"Okay, and I have more day beating sounds.",1291065.0,14:38:56,45.427908,12.357306,0.0,0.31,0.55,0.14,485.0,1.09
2026-01-16 14:39:08,952.0,neutral,0.0,sad,-0.969,"Okay, now we have more day beating sounds.",1299873.0,14:39:04,45.427856,12.357348,0.36,0.6,0.02,0.01,486.0,1.09
2026-01-16 14:39:16,960.0,neutral,0.0,sad,-0.704,And I have more day beating sounds. And water again.,1308676.0,14:39:13,45.427773,12.357404,0.85,0.12,0.01,0.02,484.0,1.09
2026-01-16 14:39:24,968.0,neutral,0.0,sad,-0.698,"And water again. So both we see in front of us, is it like, basically what is used, is it? Like for buildings, actually.",1317484.0,14:39:22,45.427708,12.357492,0.35,0.62,0.02,0.01,481.0,1.09
2026-01-16 14:39:32,976.0,neutral,0.0,sad,-0.979,"So both we see in front of us, is it like, basically what is used, is it? Like for buildings sites, right? I mean, that's the kind of standard. I don't even know the English name. I don't know. I don't know. I don't know. I don't know. I don't know. I don't know. I don't know. I don't know. I don't know. I don't know.",1326299.0,14:39:31,45.427641,12.357562,0.08,0.41,0.23,0.28,484.0,1.09
2026-01-16 14:39:40,984.0,negative,-0.632,sad,-0.976,"I don't even know the English name. I'm going to speak Russian. Normal. So, what can I say? I don't even know the English name. I don't even know the English name. I don't even know the English name. I don't even know the English name. I don't even know the English name. I don't even know the English name. I don't even know the English name. I don't even know the English name. I don't even know the English name. I don't even know the English name. I don't even know the English name. I don't even know the English name. I don't even know the English name. I don't even know the English name. I don't even know the English name. I don't even know the English name. I don't even know the English name. I don't",1335118.0,14:39:40,45.427593,12.35767,0.0,0.0,0.01,0.99,484.0,1.09
2026-01-16 14:39:48,992.0,neutral,0.0,hap,0.864,"I don't even know the English name. It's a normal, normal, so lucky. It's not lucky, that's it. Sorry, it looks very unusual to me. Yeah, I can imagine. Yeah. It's like...",1343936.0,14:39:48,45.427532,12.357729,0.46,0.4,0.0,0.13,486.0,1.09
2026-01-16 14:39:56,1000.0,neutral,0.0,sad,-0.915,"So it looks very unusual to me. Yeah, I can imagine. Yeah. It's like a... No. Thank you. So you told me the sci-fi sound is like for... It's like...",1352754.0,14:39:57,45.427506,12.357806,0.34,0.03,0.01,0.63,486.0,1.09
2026-01-16 14:40:04,1008.0,neutral,0.0,sad,-0.992,"So you told me if the sci-fi sound is like for it? It's like for the water. I think you can always hear that sound right? Yeah, yeah, yeah.",1361569.0,14:40:06,45.427474,12.357883,1.0,0.0,0.0,0.0,485.0,1.09
2026-01-16 14:40:12,1016.0,neutral,0.0,sad,-0.552,"It's like for the water. I think you can always hear that sound. Yeah, yeah, yeah. All the other things. Yeah. That's represents the basic layer of our city. Okay. Yeah, which, you know, we need to put our water. Yeah.",1370388.0,14:40:15,45.427483,12.357904,1.0,0.0,0.0,0.0,484.0,1.09
2026-01-16 14:40:20,1024.0,neutral,0.0,sad,-0.843,always hear that sound right yeah yeah yeah yeah all the other things yeah that's represents like the basic layer of of of our city okay yeah yeah which you know when it's good or water yeah so that's the line to connect all those different kinds of,1379203.0,14:40:24,45.427484,12.357909,0.96,0.04,0.0,0.0,482.0,1.09
2026-01-16 14:40:28,1032.0,neutral,0.0,sad,-0.611,"Yeah, yeah, which you know when this is put on water. Yeah So that's the line to connect all those different kind of song together. Yeah Because it's like a little bit eerie",1379203.0,14:40:24,45.427484,12.357909,0.96,0.04,0.0,0.0,482.0,1.09
2026-01-16 14:40:36,1040.0,positive,0.874,sad,-0.77,"So that's the line to connect all those different kind of songs together. I really like the song because it's like a little bit eerie, a little bit creepy. I don't know, I like it.",1388018.0,14:40:33,45.42748,12.357906,1.0,0.0,0.0,0.0,481.0,1.09
2026-01-16 14:40:44,1048.0,negative,-0.579,neu,0.0,like the sun because it's like a little bit eerie a little bit creepy I don't know I like it,1396833.0,14:40:41,45.427488,12.357972,0.13,0.82,0.03,0.03,481.0,1.09
2026-01-16 14:40:52,1056.0,positive,0.834,hap,0.974,Thank you.,1405654.0,14:40:50,45.427487,12.358061,0.23,0.03,0.0,0.74,481.0,1.09
2026-01-16 14:41:00,1064.0,positive,0.834,hap,0.526,Thank you.,1414487.0,14:40:59,45.427435,12.35814,0.95,0.01,0.02,0.02,484.0,1.09
2026-01-16 14:41:08,1072.0,positive,0.834,sad,-0.687,Thank you.,1423309.0,14:41:08,45.427418,12.358227,0.87,0.05,0.0,0.09,483.0,1.09
2026-01-16 14:41:16,1080.0,neutral,0.0,sad,-0.931,So we are fishing in some time now.,1432137.0,14:41:17,45.427389,12.358319,0.63,0.34,0.01,0.02,479.0,1.09
2026-01-16 14:41:24,1088.0,neutral,0.0,sad,-0.964,So we are fishing in sometimes now. Which is a piece of the journey is actually in some time right because that's the bridge from the journey. And I remember so,1440967.0,14:41:25,45.427366,12.35839,0.97,0.02,0.0,0.01,478.0,1.09
2026-01-16 14:41:32,1096.0,neutral,0.0,sad,-0.841,And very usually sometimes. Which is a piece of the journey is actually some kind of a ride because that's the bridge from Germany. And I remember I saw this project a few years ago of this group that they kind of find along this road.,1449794.0,14:41:34,45.427415,12.358482,0.11,0.62,0.0,0.26,478.0,1.09
2026-01-16 14:41:40,1104.0,neutral,0.0,sad,-0.992,the bridge from Gerdini and I remember I saw this project a few years ago of this group that they kind of find that along this command there was a way of access to the boat and they kind of put like a red carpet for people to infiltrate the Gerdini.,1458622.0,14:41:43,45.427498,12.358529,0.43,0.13,0.0,0.44,478.0,1.09
2026-01-16 14:41:48,1112.0,neutral,0.0,hap,0.926,of this group that they kind of find that along this canal there was a way of access to the boat and they kind of put like a red carpet for people to infiltrate the Giardini. I don't know if you were doing the finale without ticket. I don't know if you ever heard about it.,1467467.0,14:41:52,45.427544,12.358606,0.42,0.04,0.0,0.54,478.0,1.09
2026-01-16 14:41:56,1120.0,neutral,0.0,hap,0.992,"I kind of put like a red carpet for people to infiltrate the jardini. I don't know if you're doing the finale without ticket. I don't know if you ever heard about it, but it must be quite. Yeah, it's kind of very large garden. And obviously here we are in a very green",1467467.0,14:41:52,45.427544,12.358606,0.42,0.04,0.0,0.54,478.0,1.09
2026-01-16 14:42:04,1128.0,positive,0.911,hap,0.887,ticket that you never heard about it but it must be quite yeah this kind of very large garden and obviously here we are in a very good space at the moment. It's like that don't you feel that the tea is kind of you know. So how many things do you ask? That's a good one.,1476300.0,14:42:01,45.42752,12.358679,0.0,0.01,0.0,0.99,477.0,1.09
2026-01-16 14:42:12,1136.0,positive,0.855,sad,-0.669,"garden and obviously here we are in a very good space at the moment. It's like that, don't you feel that the tea is kind of, you know. So how many things do you have? That's a big block all over the year. Yeah, and it is like a big part of a big portion of the city we...",1485133.0,14:42:10,45.42752,12.358772,0.04,0.73,0.0,0.23,477.0,1.09
2026-01-16 14:42:20,1144.0,negative,-0.77,sad,-0.714,"It is kind of, you know, somehow missing access to this big block all over the year. Yeah, and it is like a big part of a big portion of the city which should be opened like normally. Exactly right, I mean that's the part that I really don't understand because",1493968.0,14:42:18,45.427536,12.358845,0.02,0.13,0.0,0.85,479.0,1.09
2026-01-16 14:42:28,1152.0,neutral,0.0,hap,0.585,like a big part of the city which should be opened normally. Exactly right. I mean that's part that I really don't understand because okay there is the exhibition but the exhibition is not all the time. Yeah I get like maybe there's some work going on.,1502807.0,14:42:27,45.427598,12.358955,0.8,0.05,0.01,0.14,475.0,1.09
2026-01-16 14:42:36,1160.0,neutral,0.0,sad,-0.955,"Exactly, right? I mean that's the part that I really don't understand because there is exhibition, but exhibition is not all the time. Yeah, I get like maybe there are some work going on because they have to bring materials from one part of the journey to the other, but still I don't know.",1511652.0,14:42:36,45.427635,12.359045,0.66,0.0,0.0,0.33,476.0,1.09
2026-01-16 14:42:44,1168.0,negative,-0.618,sad,-0.984,I get like maybe there's some work going on because they have to bring materials from one part of the unit to the other but still I don't know it isn't excuse to me they don't have the interest to open it to inhabitants.,1520502.0,14:42:45,45.427672,12.359155,0.29,0.01,0.02,0.69,476.0,1.09
2026-01-16 14:42:52,1176.0,neutral,0.0,sad,-0.932,to the other but still I don't know it's an excuse to me they don't have the interest to open it to inhabitants yeah I mean still yeah the street here is also quite fascinating what like the like this kind of,1529348.0,14:42:54,45.427723,12.359287,0.74,0.13,0.02,0.11,477.0,1.09
2026-01-16 14:43:00,1184.0,positive,0.914,sad,-0.868,to open it to inhabitants I mean still the street here is also quite fascinating like this kind of street normally you can't see anywhere outside of the news,1538192.0,14:43:03,45.42778,12.35942,0.69,0.0,0.0,0.31,477.0,1.09
2026-01-16 14:43:08,1192.0,positive,0.912,sad,-0.927,"It's also kind of fascinating. Like this kind of street. Normally you can't see anywhere outside of it. No, it's very different than the city center of Venice, of course. Because it's... For me it looks like Paris, almost. You know, you go like this kind of feeling.",1547039.0,14:43:12,45.427839,12.359516,0.84,0.01,0.01,0.14,478.0,1.09
2026-01-16 14:43:16,1200.0,neutral,0.0,sad,-0.95,"very outside of Venice. No, it's very different than the city center of Venice of course, because it's... For me it looks like Paris, almost. Yeah. Yeah, you got like this kind of feeling. Yeah, like a long boulevard. Yeah, a long boulevard.",1547039.0,14:43:12,45.427839,12.359516,0.84,0.01,0.01,0.14,478.0,1.09
2026-01-16 14:43:24,1208.0,positive,0.553,sad,-0.834,"Yeah, you go like this kind of feel. Yeah, like a long boulevard.",1555893.0,14:43:20,45.427866,12.35961,0.66,0.0,0.0,0.33,478.0,1.09
2026-01-16 14:43:32,1216.0,positive,0.834,hap,0.605,Thank you.,1564749.0,14:43:29,45.427941,12.35968,0.07,0.0,0.0,0.93,480.0,1.09
2026-01-16 14:43:40,1224.0,positive,0.834,hap,0.642,Thank you.,1573602.0,14:43:38,45.427961,12.359762,0.07,0.01,0.56,0.36,480.0,1.09
2026-01-16 14:43:48,1232.0,positive,0.834,hap,0.763,Thank you.,1582452.0,14:43:47,45.42797,12.359802,0.62,0.03,0.09,0.26,477.0,1.09
2026-01-16 14:43:56,1240.0,positive,0.834,hap,0.947,Thank you.,1591308.0,14:43:56,45.427957,12.359814,0.99,0.01,0.01,0.0,478.0,1.09
2026-01-16 14:44:04,1248.0,positive,0.834,hap,0.855,Thank you.,1600168.0,14:44:05,45.427966,12.359826,0.58,0.21,0.21,0.0,476.0,1.09
2026-01-16 14:44:12,1256.0,positive,0.834,sad,-0.76,Thank you.,1609025.0,14:44:14,45.427959,12.359911,0.17,0.0,0.03,0.79,479.0,1.09
2026-01-16 14:44:20,1264.0,neutral,0.0,hap,0.747,"So sometimes when the rain falls, the water is falling. So sometimes when the rain falls, the water is falling.",1617875.0,14:44:22,45.427955,12.359994,0.42,0.03,0.18,0.37,481.0,1.09
2026-01-16 14:44:28,1272.0,neutral,0.0,sad,-0.887,"So sometimes when the rainforests sound appears, the sound of the city disappears.",1626773.0,14:44:31,45.427962,12.360117,0.0,0.0,0.01,0.98,479.0,1.09
2026-01-16 14:44:36,1280.0,neutral,0.0,sad,-0.832,"Sometimes when the rain forest sounds appears, the sound of the city disappears. The system can't consider the two dimensions together.",1635621.0,14:44:40,45.427961,12.360207,0.02,0.0,0.01,0.96,478.0,1.09
2026-01-16 14:44:44,1288.0,negative,-0.51,sad,-0.548,"sound of the city disappears. Yeah. Like the system can't consider the two dimensions together. I think it should, but yeah. I think we should check the log.",1635621.0,14:44:40,45.427961,12.360207,0.02,0.0,0.01,0.96,478.0,1.09
2026-01-16 14:44:52,1296.0,neutral,0.0,hap,0.592,"Consider the two dimensions together. I think it should, but yeah. I think we should check the log. Yeah, back, back, back. Back to you.",1644475.0,14:44:49,45.427948,12.36025,0.28,0.25,0.0,0.47,478.0,1.09
2026-01-16 14:45:00,1304.0,negative,-0.651,hap,0.916,"Yeah, I think we should check the log. Yeah, back, back, back, back school. Okay, it feels almost like a bit too busy. Yeah, you know. It's really strange.",1653352.0,14:44:58,45.427952,12.360338,0.85,0.01,0.0,0.14,475.0,1.09
2026-01-16 14:45:08,1312.0,positive,0.771,sad,-0.989,"I hope so. It feels almost like a beautiful scene. Yeah, you know. It feels strange. But I thought of a satan. Because there is a block with a splinter. And a candle. Yeah. Yeah. Yeah. Yeah. Yeah. Yeah. Yeah. Yeah. Yeah. Yeah.",1662223.0,14:45:07,45.427958,12.360394,0.03,0.09,0.88,0.0,475.0,1.09
2026-01-16 14:45:16,1320.0,neutral,0.0,sad,-0.945,"Do you feel almost like a bee-tooth? Yeah, you know. Be strange, but I thought of a satan, because there is a block, we look like a... an entangled... Yeah. That's the strange bee-tooth. Yeah. That's cute, that's cute.",1671079.0,14:45:16,45.427961,12.360527,0.06,0.0,0.18,0.76,475.0,1.09
2026-01-16 14:45:24,1328.0,positive,0.979,sad,-0.588,And I know. Yeah. That's a very beautiful view. Yeah.,1679935.0,14:45:24,45.427959,12.360594,0.35,0.0,0.08,0.56,476.0,1.09
2026-01-16 14:45:32,1336.0,positive,0.834,neu,0.0,Thank you.,1688793.0,14:45:33,45.427946,12.360683,0.8,0.0,0.02,0.17,476.0,1.09
2026-01-16 14:45:40,1344.0,positive,0.834,hap,0.754,Thank you.,1697657.0,14:45:42,45.427953,12.360734,0.45,0.0,0.16,0.39,475.0,1.09
2026-01-16 14:45:48,1352.0,positive,0.834,hap,0.923,Thank you.,1706524.0,14:45:51,45.42797,12.360844,0.49,0.01,0.41,0.09,476.0,1.09
2026-01-16 14:45:56,1360.0,positive,0.834,hap,0.969,Thank you.,1715387.0,14:46:00,45.427976,12.360933,0.52,0.03,0.08,0.38,476.0,1.09
2026-01-16 14:46:04,1368.0,neutral,0.0,hap,0.557,I,1715387.0,14:46:00,45.427976,12.360933,0.52,0.03,0.08,0.38,476.0,1.09
2026-01-16 14:46:12,1376.0,positive,0.871,hap,0.667,"I like Santa, because it's so empty, because there are only people living.",1724252.0,14:46:09,45.427962,12.360989,0.31,0.01,0.05,0.62,477.0,1.09
2026-01-16 14:46:20,1384.0,positive,0.507,sad,-0.837,I like Santa Rena because it's so empty because there are only people living here. But as you can see there are very... there are not so many shops here.,1733112.0,14:46:18,45.427928,12.361046,0.17,0.02,0.03,0.79,477.0,1.09
2026-01-16 14:46:28,1392.0,neutral,0.0,sad,-0.735,empty because there are only people living here but as you can see there are very there are not so many shops or something so the amenities here is quiet limited yeah it's a little bit this,1741973.0,14:46:26,45.427923,12.361098,0.04,0.1,0.06,0.8,477.0,1.09
2026-01-16 14:46:36,1400.0,negative,-0.5,hap,0.681,There are not so many shops. So the amenities here is quite limited. It's a little bit disillated place. You need so close to those popular areas.,1750839.0,14:46:35,45.427855,12.36118,0.45,0.29,0.04,0.22,476.0,1.09
2026-01-16 14:46:44,1408.0,negative,-0.527,sad,-0.625,here is quite limited. Yeah it's a little bit disillated place you need so close to to those popular areas. For instance there's no supermarket here like real supermarket.,1759708.0,14:46:44,45.427791,12.361272,0.44,0.07,0.0,0.48,476.0,1.09
2026-01-16 14:46:52,1416.0,neutral,0.0,hap,0.738,"to those popular areas. For instance there's no supermarket here, like real supermarket. So what do people do here like in Carousel, General Shopping? They go to Ulido. Oh really?",1768580.0,14:46:53,45.427704,12.361271,0.14,0.29,0.01,0.57,476.0,1.09
2026-01-16 14:47:00,1424.0,neutral,0.0,sad,-0.955,"like real supermarket. So what do people do in this here? Like in Teresol, General Shopping. I mean they go to Ulido. Oh really? They take the boat and go to Ulido. They take the boat and go to Ulido for shopping. It's the nearest one, the closest. Ah that's a strange, okay.",1777451.0,14:47:02,45.427626,12.361279,0.04,0.0,0.01,0.95,476.0,1.09
2026-01-16 14:47:08,1432.0,neutral,0.0,sad,-0.988,"They go to Lido. Oh really? They take the boat and go to Lido. It's the nearest one, the closest. That's the strange. Okay. You thought I'm just for a ride. Yeah. You just end up in the corner and saw a mini market.",1786346.0,14:47:11,45.427568,12.361269,0.06,0.0,0.0,0.94,477.0,1.09
2026-01-16 14:47:16,1440.0,negative,-0.625,sad,-0.982,"the nearest one the closest. That's so strange. Okay. You thought I'm just for a ride. I guess. You just turned the corner and saw a mini market. But that's very hard. Maybe one, maybe the only one for maybe there are two. Yeah. They are so overpriced and they have very little things.",1795223.0,14:47:20,45.427498,12.361271,0.77,0.01,0.0,0.22,475.0,1.09
2026-01-16 14:47:24,1448.0,negative,-0.748,sad,-1.0,"I have been to the temple garden and saw a mini market. But maybe one, maybe the only one for maybe there are two. They are so overpriced and they have very little things. And it's also closed. We've tried it after now.",1795223.0,14:47:20,45.427498,12.361271,0.77,0.01,0.0,0.22,475.0,1.09
2026-01-16 14:47:32,1456.0,negative,-0.917,sad,-0.756,"They are so overpriced and they have very little things. And it's also closed, we've tried it after not. Because it's a big residential area. I mean, and I mean, who actually lives here? I mean.",1804098.0,14:47:29,45.427428,12.36128,0.22,0.02,0.02,0.73,476.0,1.09
2026-01-16 14:47:40,1464.0,neutral,0.0,sad,-0.784,"Because it's a big residential area. I mean, it's actually lived here mainly. I mean, is that like a characterization of...",1812979.0,14:47:37,45.427414,12.361304,0.54,0.01,0.05,0.39,477.0,1.09
2026-01-16 14:47:48,1472.0,neutral,0.0,hap,0.754,"I mean, who actually lives here mainly? I mean, is there like a characterization of... I just ask him because it's so different from anything else. This is my first time here. I don't really know. Do you know any about this?",1821859.0,14:47:46,45.427384,12.36134,0.9,0.01,0.02,0.07,478.0,1.09
2026-01-16 14:47:56,1480.0,neutral,0.0,sad,-0.877,I just asked him because it's so different from anything else. This is my first time here. I don't really know. Do you know anybody living here? No.,1830733.0,14:47:55,45.427345,12.361408,0.09,0.3,0.61,0.0,477.0,1.09
2026-01-16 14:48:04,1488.0,neutral,0.0,hap,0.514,I don't know anybody living here. No. I don't know one old lady who now lives in my home town.,1839615.0,14:48:04,45.427277,12.361356,0.03,0.0,0.0,0.97,478.0,1.09
2026-01-16 14:48:12,1496.0,neutral,0.0,sad,-0.799,I don't know one old lady who now lives in my hometown and she was born here in Sant'Alina but the only person who lives here is me.,1848496.0,14:48:13,45.427222,12.361334,0.03,0.0,0.0,0.97,475.0,1.09
2026-01-16 14:48:20,1504.0,neutral,0.0,sad,-0.875,lady who now lives in my hometown and she was born here in Santelina but the only person I know.,1857378.0,14:48:22,45.427189,12.361412,0.22,0.03,0.66,0.08,470.0,1.09
2026-01-16 14:48:28,1512.0,neutral,0.0,sad,-0.755,some teleno but the only person I know,1866257.0,14:48:31,45.427123,12.361398,0.39,0.01,0.4,0.21,468.0,1.09
2026-01-16 14:48:36,1520.0,positive,0.834,hap,0.551,Thank you.,1875137.0,14:48:40,45.427109,12.361432,0.07,0.05,0.12,0.76,465.0,1.09
2026-01-16 14:48:44,1528.0,neutral,0.0,hap,0.612,"Oh, it's a hotel.",1875137.0,14:48:40,45.427109,12.361432,0.07,0.05,0.12,0.76,465.0,1.09
2026-01-16 14:48:52,1536.0,neutral,0.0,sad,-0.937,"Oh, it's a hotel. No, but what was before? I think it was like a... A Mary. Ah. It's the... A Mary. A Mary. A Mary. A Mary. A Mary. A Mary. A Mary. A Mary.",1884019.0,14:48:49,45.427077,12.361516,0.35,0.0,0.0,0.65,466.0,1.09
2026-01-16 14:49:00,1544.0,neutral,0.0,hap,0.521,"Oh, it's a hotel. No, but what was before? I think it was like a... Because there's a team below. Of Mary. It's the end of Mary. I think it should have been called...",1892904.0,14:48:57,45.427029,12.3616,0.03,0.02,0.0,0.95,467.0,1.09
2026-01-16 14:49:08,1552.0,positive,0.856,hap,0.873,"Because that's a thing, but of Mary. It's the end of Mary, I think. I'm... It should have been a... College of Nons, something like that. I really like that. I really like that. Yeah.",1901790.0,14:49:06,45.426949,12.361675,0.01,0.0,0.0,0.98,467.0,1.09
2026-01-16 14:49:16,1560.0,neutral,0.0,hap,0.741,"It should have been a college of nuns, something like that.",1910672.0,14:49:15,45.426866,12.361753,0.0,0.0,0.0,1.0,469.0,1.09
2026-01-16 14:49:24,1568.0,neutral,0.0,neu,0.0,"Yeah. Yeah. Can we stand here? Oh, what's the next question? Did you told them about the wartime we were getting there?",1919561.0,14:49:24,45.426814,12.361837,0.05,0.0,0.0,0.94,468.0,1.09
2026-01-16 14:49:32,1576.0,positive,0.601,sad,-0.996,"How much time do we have left? Oh, that's a very good question. Did we told them about what time we were guessing that? I don't think we had. We left it what time you recorded? Uh, 3.24. 3.24. Yeah.",1928448.0,14:49:33,45.426763,12.361899,0.03,0.0,0.0,0.97,467.0,1.09
2026-01-16 14:49:40,1584.0,neutral,0.0,sad,-0.927,Did we told them about what time we were guessing that? I don't think we had. We left at what time you recorded? 3.24. 3.24. Yeah. There'd be a lot of time for 26 meters. I think we're about to finish the time. I can check where they are because they were trying to get us out of here.,1937340.0,14:49:42,45.426747,12.361941,0.02,0.03,0.92,0.03,469.0,1.09
2026-01-16 14:49:48,1592.0,positive,0.752,sad,-0.519,324 324 There will be a lot of it for 26 meters I think we are passing perfect time I can check where they are because they will attract her on my husband Okay We are almost there I think they are probably going to get it,1946409.0,14:49:51,45.426735,12.36207,0.01,0.03,0.95,0.0,468.0,1.09
2026-01-16 14:49:56,1600.0,neutral,0.0,sad,-0.54,I can check where they are because I will track her on my husband. Okay. We're almost there. I think they probably don't take more time because there's more like one-two-three experience those people who last mobility.,1955306.0,14:50:00,45.426733,12.362146,0.16,0.01,0.19,0.64,469.0,1.09
2026-01-16 14:50:04,1608.0,neutral,0.0,sad,-0.508,"We're almost there. I think they probably gonna take more time because there's more like one to three experience those people who Last mobility I think they're actually arriving there. Oh, sorry. Oh, I saw you. I think I can get the question. Oh, yeah It's just",1955306.0,14:50:00,45.426733,12.362146,0.16,0.01,0.19,0.64,469.0,1.09
2026-01-16 14:50:12,1616.0,neutral,0.0,hap,0.81,"those people who last mobility. I think they are actually arriving like that. Oh sorry, I saw you. I think I can get the question. Oh yeah, it's just like your device means to let your experience, those people who really need to",1964196.0,14:50:09,45.426722,12.362243,0.42,0.02,0.02,0.54,470.0,1.09
2026-01-16 14:50:20,1624.0,neutral,0.0,sad,-0.671,"I can't get the question. Oh yeah, it's just like your device means to let your experience, those people who really need to access the services. The other one? Yeah. Yeah.",1973089.0,14:50:18,45.426732,12.362427,0.06,0.06,0.07,0.81,465.0,1.09
2026-01-16 14:50:28,1632.0,neutral,0.0,sad,-0.879,who really need to access services. The other one? Yeah. Yeah. The first things I'm meeting on the mobility.,1981990.0,14:50:27,45.426699,12.362543,0.07,0.01,0.09,0.83,465.0,1.09
2026-01-16 14:50:36,1640.0,neutral,0.0,sad,-0.51,"the other one? Yeah, yeah. The four things are meaning of the mobility.",1990894.0,14:50:35,45.426703,12.362675,0.07,0.03,0.47,0.43,465.0,1.09
2026-01-16 14:50:44,1648.0,neutral,0.0,hap,0.66,yeah so like since we already passed all those areas like is there any interesting sand you want to mention back,1999794.0,14:50:44,45.426735,12.362807,0.44,0.27,0.06,0.24,461.0,1.09
2026-01-16 14:50:52,1656.0,neutral,0.0,hap,0.479,"So since we already passed all those areas, is there any interesting sand? You want to mention it? Back, back our walking? When we started the Bulevard, there was like a...",2008688.0,14:50:53,45.426738,12.362928,0.19,0.15,0.12,0.53,471.0,1.09
2026-01-16 14:51:00,1664.0,neutral,0.0,sad,-0.442,interesting sound you want mentioned back back our walking when we were we we started the Boulevard yeah there was like electronic sound uh-huh almost like when the TV has nothing going on yeah yeah yeah,2017581.0,14:51:02,45.426741,12.363006,0.03,0.47,0.07,0.42,466.0,1.09
2026-01-16 14:51:08,1672.0,neutral,0.0,neu,0.0,we started the Boulevard there was like electronic sound almost like when the TV has nothing going into that's attack yeah the white noise of the TV yeah and then for the rest of the time basically,2026479.0,14:51:11,45.426764,12.363117,0.02,0.61,0.07,0.31,467.0,1.09
2026-01-16 14:51:16,1680.0,neutral,0.0,neu,0.0,"Almost like when the TV has nothing going in. Yeah, yeah, yeah. That's attack. Yeah, the white noise of the TV. Yeah. And then for the rest of the time, basically, like brick sounds, even now.",2035385.0,14:51:20,45.426752,12.363217,0.01,0.02,0.0,0.97,470.0,1.09
2026-01-16 14:51:24,1688.0,neutral,0.0,sad,-0.965,"And then for the rest of the time basically like brick sounds, even now.",2035385.0,14:51:20,45.426752,12.363217,0.01,0.02,0.0,0.97,470.0,1.09
2026-01-16 14:51:32,1696.0,neutral,0.0,hap,0.845,now.,2044293.0,14:51:29,45.426727,12.363377,0.12,0.2,0.02,0.66,470.0,1.09
2026-01-16 14:51:40,1704.0,negative,-0.808,sad,-0.766,"I hope nothing, no one has anything to say as to get in the church.",2053205.0,14:51:38,45.426717,12.36352,0.57,0.01,0.0,0.42,471.0,1.09
2026-01-16 14:51:48,1712.0,negative,-0.808,sad,-0.995,"I hope nothing, no one has anything to say as to get in the church.",2062109.0,14:51:47,45.426717,12.363656,0.77,0.08,0.0,0.15,472.0,1.09
2026-01-16 14:51:56,1720.0,neutral,0.0,sad,-0.98,I was getting the church.,2071019.0,14:51:56,45.426727,12.363728,0.0,0.0,0.0,1.0,475.0,1.09
2026-01-16 14:52:04,1728.0,positive,0.834,hap,0.675,Thank you.,2079936.0,14:52:04,45.426727,12.36378,0.04,0.27,0.02,0.67,476.0,1.09
2026-01-16 14:52:12,1736.0,positive,0.834,hap,0.977,Thank you.,2088852.0,14:52:13,45.426735,12.363862,0.22,0.12,0.0,0.66,474.0,1.09
2026-01-16 14:52:20,1744.0,positive,0.834,sad,-0.926,Thank you.,2097770.0,14:52:22,45.426754,12.36397,0.02,0.06,0.0,0.92,471.0,1.09
2026-01-16 14:52:28,1752.0,neutral,0.0,sad,-0.618,I'm going to go back to the next room.,2106837.0,14:52:31,45.426782,12.364119,0.05,0.03,0.0,0.92,468.0,1.09
2026-01-16 14:52:36,1760.0,neutral,0.0,neu,0.0,"Okay, so this is the end of our road. Yeah, okay. But I'd like to go inside.",2106837.0,14:52:31,45.426782,12.364119,0.05,0.03,0.0,0.92,468.0,1.09
2026-01-16 14:52:44,1768.0,neutral,0.0,sad,-0.752,"Okay, so this is another route. Yeah, okay. But I'd like to go inside before finishing. Okay, is it okay? It's okay, but I'm not particularly like once we lost GPS.",2116019.0,14:52:41,45.426784,12.364242,0.03,0.12,0.0,0.85,468.0,1.09
2026-01-16 14:52:52,1776.0,neutral,0.0,sad,-0.466,"I'd like to go inside before finishing. Okay, okay. It's okay, but I'm not particularly like once we lost GPS signal the whole thing is going to stop. Okay. Okay, you can try. So maybe, yes, still go like some time, but after it. Yeah.",2125090.0,14:52:50,45.426825,12.364413,0.0,0.0,0.0,1.0,471.0,1.09
2026-01-16 14:53:00,1784.0,negative,-0.651,neu,0.0,"I'm not particularly like once we load lost GPS signal the whole thing is gonna stop. Okay. Okay, you can try. So maybe yes, still go like some time but after that. Yeah, I can just stay on the door.",2134014.0,14:52:59,45.426883,12.364577,0.04,0.0,0.0,0.96,470.0,1.09
2026-01-16 14:53:08,1792.0,neutral,0.0,neu,0.0,"Yes, still go like some time, but after that, yeah. I can just stay on the door.",2142940.0,14:53:07,45.426923,12.364723,0.38,0.01,0.01,0.6,471.0,1.09
2026-01-16 14:53:16,1800.0,positive,0.834,neu,0.0,Thank you.,2151861.0,14:53:16,45.426952,12.364883,0.25,0.01,0.54,0.2,471.0,1.09
2026-01-16 14:53:24,1808.0,positive,0.834,neu,0.0,Thank you.,2160780.0,14:53:25,45.426974,12.364981,0.04,0.01,0.51,0.44,471.0,1.09
2026-01-16 14:53:32,1816.0,positive,0.834,sad,-0.809,Thank you.,2169700.0,14:53:34,45.426983,12.365003,0.15,0.01,0.04,0.79,472.0,1.09
2026-01-16 14:53:40,1824.0,positive,0.834,sad,-0.999,Thank you.,2178628.0,14:53:43,45.426987,12.365015,0.69,0.02,0.05,0.24,471.0,1.09
2026-01-16 14:53:48,1832.0,positive,0.987,sad,-0.519,"Okay, it was really interesting, yeah? Because I expanded the brick song.",2187559.0,14:53:52,45.426998,12.365018,0.33,0.03,0.44,0.19,469.0,1.09
2026-01-16 14:53:56,1840.0,positive,0.971,sad,-0.96,"Okay, it was really interesting, yeah? Because I expanded the brick songs, but it was only the sci-fi sound of the city and the white noise of the TV. I think the product was really good.",2187559.0,14:53:52,45.426998,12.365018,0.33,0.03,0.44,0.19,469.0,1.09
2026-01-16 14:54:04,1848.0,positive,0.66,neu,0.0,"It was really interesting because I expected real Rick songs, but it was only the sci-fi sound of the city and the white noise of the TV. I think we probably recognized all those metal partings of technical sounds.",2196486.0,14:54:01,45.426963,12.365135,0.97,0.0,0.0,0.03,463.0,1.09
